{"init_params": {"cat_dims": [11, 120, 15, 14, 14, 1001, 257, 9, 17], "cat_emb_dim": [1, 1, 1, 1, 1, 1, 1, 1, 1], "cat_idxs": [37, 38, 39, 40, 41, 42, 43, 44, 45], "clip_value": 1, "device_name": "cpu", "epsilon": 1e-15, "gamma": 1.3, "grouped_features": [], "input_dim": 46, "lambda_sparse": 0.001, "mask_type": "sparsemax", "momentum": 0.02, "n_a": 8, "n_d": 8, "n_indep_decoder": 1, "n_independent": 2, "n_shared": 2, "n_shared_decoder": 1, "n_steps": 3, "optimizer_params": {"lr": 0.02, "weight_decay": 1e-05}, "output_dim": 2, "scheduler_fn": null, "scheduler_params": {}, "seed": 42, "verbose": 1}, "class_attrs": {"preds_mapper": {"0": 0, "1": 1}}}